{"swagger": "2.0", "info": {"title": "mdldply-heart-failure-pkl-aci", "description": "API specification for the Azure Machine Learning service mdldply-heart-failure-pkl-aci", "version": "1.0"}, "schemes": ["https"], "consumes": ["application/json"], "produces": ["application/json"], "securityDefinitions": {"Bearer": {"type": "apiKey", "name": "Authorization", "in": "header", "description": "For example: Bearer abc123"}}, "paths": {"/": {"get": {"operationId": "ServiceHealthCheck", "description": "Simple health check endpoint to ensure the service is up at any given point.", "responses": {"200": {"description": "If service is up and running, this response will be returned with the content 'Healthy'", "schema": {"type": "string"}, "examples": {"application/json": "Healthy"}}, "default": {"description": "The service failed to execute due to an error.", "schema": {"$ref": "#/definitions/ErrorResponse"}}}}}, "/score": {"post": {"operationId": "RunMLService", "description": "Run web service's model and get the prediction output", "security": [{"Bearer": []}], "parameters": [{"name": "serviceInputPayload", "in": "body", "description": "The input payload for executing the real-time machine learning service.", "schema": {"$ref": "#/definitions/ServiceInput"}}], "responses": {"200": {"description": "The service processed the input correctly and provided a result prediction, if applicable.", "schema": {"$ref": "#/definitions/ServiceOutput"}}, "default": {"description": "The service failed to execute due to an error.", "schema": {"$ref": "#/definitions/ErrorResponse"}}}}}}, "definitions": {"ServiceInput": {"type": "object", "properties": {"Inputs": {"type": "object", "required": ["data"], "properties": {"data": {"type": "array", "items": {"type": "object", "required": ["age", "anaemia", "creatinine_phosphokinase", "diabetes", "ejection_fraction", "high_blood_pressure", "platelets", "serum_creatinine", "serum_sodium", "sex", "smoking", "time"], "properties": {"age": {"type": "number", "format": "double"}, "anaemia": {"type": "integer", "format": "int64"}, "creatinine_phosphokinase": {"type": "integer", "format": "int64"}, "diabetes": {"type": "integer", "format": "int64"}, "ejection_fraction": {"type": "integer", "format": "int64"}, "high_blood_pressure": {"type": "integer", "format": "int64"}, "platelets": {"type": "number", "format": "double"}, "serum_creatinine": {"type": "number", "format": "double"}, "serum_sodium": {"type": "integer", "format": "int64"}, "sex": {"type": "integer", "format": "int64"}, "smoking": {"type": "integer", "format": "int64"}, "time": {"type": "integer", "format": "int64"}}}}}}}, "example": {"Inputs": {"data": [{"age": 0.0, "anaemia": 0, "creatinine_phosphokinase": 0, "diabetes": 0, "ejection_fraction": 0, "high_blood_pressure": 0, "platelets": 0.0, "serum_creatinine": 0.0, "serum_sodium": 0, "sex": 0, "smoking": 0, "time": 0}]}}}, "ServiceOutput": {"type": "object", "required": ["Results"], "properties": {"Results": {"type": "array", "items": {"type": "integer", "format": "int64"}}}, "example": {"Results": [0]}}, "ErrorResponse": {"type": "object", "properties": {"status_code": {"type": "integer", "format": "int32"}, "message": {"type": "string"}}}}}